"Variable","Coeficiente","Error_Estandar","Estadistico_t","P_value"
"(Intercept)",-0.251728154869952,3.54260566205494,-0.0710573456047413,0.943364622606318
"m2",4.49452800152568,0.0157779409728907,284.861504378048,0
"estrato",14.7117232069281,0.688447476188949,21.3694199132925,1.97100677672537e-85
"antiguedad",-0.69765683011309,0.0914302985485571,-7.63047743678291,4.93307226294329e-14
